{"": [129, 31, 59], "Algorithms for Labeling Focus Regions": [218, 66, 47], "Taxonomy-Based Glyph Design---with a Case Study on Visualizing Workflows of Biological Experiments": [163, 51, 27], "Uncertainty Quantification in Linear Interpolation for Isosurface Extraction": [121, 36, 23], "Contour Boxplots: A Method for Characterizing Uncertainty in Feature Sets from Simulation Ensembles": [143, 11, 78], "Divided Edge Bundling for Directional Network Data": [188, 31, 21], "BallotMaps: Detecting Name Bias in Alphabetically Ordered Ballot Papers": [213, 30, 18], "Visual Compression of Workflow Visualizations with Automated Detection of Macro Motifs": [283, 85, 8], "Temporal Event Sequence Simplification": [131, 90, 70], "Improved Similarity Trees and their Application to Visual Data Classification": [115, 76, 42], "The spatiotemporal multivariate hypercube for discovery of patterns in event data": [114, 18, 69], "ScatterBlogs2: Real-Time Monitoring of Microblog Messages through User-Guided filtering": [186, 44, 13], "Transformation of an Uncertain Video Search Pipeline to a Sketch-Based Visual Analytics Loop": [168, 76, 8], "Design Study Methodology: Reflections from the Trenches and the Stacks": [198, 77, 34], "Visualizing Change over Time Using Dynamic Hierarchies: TreeVersity2 and the StemView": [187, 85, 62], "Interactive Patient-Specific Vascular Modeling with Sweep Surfaces": [265, 13, 10], "A User Study on Curved Edges in Graph Visualization": [237, 63, 21], "Explainers: Expert Explorations with Crafted Projections": [300, 95, 58], "Visual analytics methods for categoric spatio-temporal data": [113, 66, 26], "Analysis of Streamline Separation at Infinity Using Time-Discrete Markov Chains": [202, 63, 73], "Using visual analytics to detect problems in datasets collected from photo-sharing services": [200, 76, 42], "Memorability of Visual Features in Network Diagrams": [149, 94, 48], "VDQAM: A toolkit for database quality evaluation based on visual morphology": [252, 2, 0], "Two-Dimensional Time-Dependent Vortex Regions Based on the Acceleration Magnitude": [137, 35, 15], "Benefitting InfoVis with Visual Difficulties": [224, 87, 55], "Interactive Exploration of Surveillance Video through Action Shot Summarization and Trajectory Visualization": [221, 67, 72], "Visual exploration of local interest points in sets of time series": [155, 19, 35], "A Data-Driven Approach to Hue-Preserving Color-Blending": [103, 54, 66], "Reinventing the Contingency Wheel: Scalable Visual Analytics of Large Categorical Data": [288, 70, 21], "ConnectomeExplorer: Query-Guided Visual Analysis of Large Volumetric Neuroscience Data": [204, 79, 65], "Computing Morse-Smale Complexes with Accurate Geometry": [129, 83, 79], "Understanding Pen and Touch Interaction for Data Exploration on Interactive Whiteboards": [244, 38, 15], "Spatiotemporal social media analytics for abnormal event detection and examination using seasonal-trend decomposition": [291, 29, 49], "Saliency-Assisted Navigation of Very Large Landscape Images": [280, 76, 29], "Hierarchical Exploration of Volumes Using Multilevel Segmentation of the Intensity-Gradient Histograms": [130, 36, 45], "Visualization of Topological Structures in Area-Preserving Maps": [237, 46, 38], "Visual Exploration of Big Spatio-Temporal Urban Data: A Study of New York City Taxi Trips": [209, 49, 59], "Coherency-Based Curve Compression for High-Order finite Element Model Visualization": [197, 30, 58], "Visualizing Request-Flow Comparison to Aid Performance Diagnosis in Distributed Systems": [269, 22, 9], "Distance Visualization for Interactive 3D Implant Planning": [194, 94, 2], "TextFlow: Towards Better Understanding of Evolving Topics in Text": [208, 7, 77], "Lighting Design for Globally Illuminated Volume Rendering": [205, 10, 41], "Semantic Interaction for Sensemaking: Inferring Analytical Reasoning for Model Steering": [112, 16, 2], "Symmetry in Scalar field Topology": [210, 47, 60], "Evaluating the Effect of Style in Information Visualization": [206, 45, 77], "Hierarchical Event Selection for Video Storyboards with a Case Study on Snooker Video Visualization": [180, 8, 2], "CloudLines: Compact Display of Event Episodes in Multiple Time-Series": [291, 51, 36], "Visual Analytics for Spatial Clustering: Using a Heuristic Approach for Guided Exploration": [112, 19, 35], "GRACE: A Visual Comparison Framework for Integrated Spatial and Non-Spatial Geriatric Data": [252, 42, 69], "Topological Spines: A Structure-preserving Visual Representation of Scalar fields": [111, 74, 20], "RelEx: Visualization for Actively Changing Overlay Network Specifications": [210, 23, 1], "Semantics of Directly Manipulating Spatializations": [141, 19, 35], "Nanocubes for Real-Time Exploration of Spatiotemporal Datasets": [150, 84, 46], "Comparative Visual Analysis of Lagrangian Transport in CFD Ensembles": [164, 55, 18], "An Interactive Local Flattening Operator to Support Digital Investigations on Artwork Surfaces": [232, 41, 72], "Identifying Redundancy and Exposing Provenance in Crowdsourced Data Analysis": [284, 34, 73], "Evaluating Sketchiness as a Visual Variable for the Depiction of Qualitative Uncertainty": [104, 14, 43], "Graphical Overlays: Using Layered Elements to Aid Chart Reading": [264, 36, 47], "The Effect of Colour and Transparency on the Perception of Overlaid Grids": [147, 78, 29], "Capturing the Design Space of Sequential Space-filling Layouts": [219, 96, 39], "Interactive Retro-Deformation of Terrain for Reconstructing 3D Fault Displacements": [287, 82, 18], "Relative N-gram signatures: Document visualization at the level of character N-grams": [262, 8, 74], "In Situ Exploration of Large Dynamic Networks": [251, 97, 79], "The FLOWLENS: A Focus-and-Context Visualization Approach for Exploration of Blood Flow in Cerebral Aneurysms": [264, 81, 54], "Visual Semiotics & Uncertainty Visualization: An Empirical Study": [292, 100, 63], "Sequence Surveyor: Leveraging Overview for Scalable Genomic Alignment Visualization": [188, 65, 9], "Visual Analytics for Multimodal Social Network Analysis: A Design Study with Social Scientists": [197, 45, 55], "SocialNetSense: Supporting sensemaking of social and structural features in networks with interactive visualization": [127, 13, 53], "Turbulence Visualization at the Terascale on Desktop PCs": [258, 11, 70], "Edge Compression Techniques for Visualization of Dense Directed Graphs": [137, 18, 76], "A Visual Analytics Approach to Multiscale Exploration of Environmental Time Series": [235, 84, 47], "DiffAni: Visualizing Dynamic Graphs with a Hybrid of Difference Maps and Animation": [106, 46, 0], "An Empirically-Derived Taxonomy of Interaction Primitives for Interactive Cartography and Geovisualization": [135, 74, 39], "Efficient Structure-Aware Selection Techniques for 3D Point Cloud Visualizations with 2DOF Input": [190, 10, 29], "Visual Classifier Training for Text Document Retrieval": [157, 6, 59], "Features in Continuous Parallel Coordinates": [265, 47, 70], "Human Computation in Visualization: Using Purpose Driven Games for Robust Evaluation of Visualization Algorithms": [200, 16, 4], "Exploring Ambient and Artistic Visualization for Residential Energy Use Feedback": [143, 97, 4], "Fast Generation of Virtual X-ray Images for Reconstruction of 3D Anatomy": [281, 21, 69], "Noise-Based Volume Rendering for the Visualization of Multivariate Volumetric Data": [175, 2, 42], "Authalic Parameterization of General Surfaces Using Lie Advection": [280, 39, 0], "Interactive Level-of-Detail Rendering of Large Graphs": [274, 34, 65], "Flexible Linked Axes for Multivariate Data Visualization": [157, 35, 8], "Branching and Circular Features in High Dimensional Data": [277, 53, 78], "SketchPadN-D: WYDIWYG Sculpting and Editing in High-Dimensional Space": [171, 26, 36], "Nodes on Ropes: A Comprehensive Data and Control Flow for Steering Ensemble Simulations": [284, 66, 21], "Radial Sets: Interactive Visual Analysis of Large Overlapping Sets": [108, 38, 27], "Stacking-Based Visualization of Trajectory Attribute Data": [270, 70, 10], "The DeepTree Exhibit: Visualizing the Tree of Life to Facilitate Informal Learning": [288, 43, 41], "Empirical Guidance on Scatterplot and Dimension Reduction Technique Choices": [250, 20, 31], "Lagrangian Coherent Structures for Design Analysis of Revolving Doors": [229, 45, 45], "Derived Metric Tensors for Flow Surface Visualization": [185, 63, 28], "Developing and Evaluating Quilts for the Depiction of Large Layered Graphs": [131, 86, 39], "Living Liquid: Design and Evaluation of an Exploratory Visualization Tool for Museum Visitors": [245, 92, 64], "Evaluation of Artery Visualizations for Heart Disease Diagnosis": [134, 29, 45], "Incorporating GOMS analysis into the design of an EEG data visual analysis tool": [192, 13, 65], "A Deeper Understanding of Sequence in Narrative Visualization": [178, 83, 43], "Image Plane Sweep Volume Illumination": [219, 63, 58], "Feature-similarity visualization of MRI cortical surface data": [116, 75, 75], "Perception of Visual Variables on Tiled Wall-Sized Displays for Information Visualization Applications": [238, 93, 9], "GPLOM: The Generalized Plot Matrix for Visualizing Multidimensional Multivariate Data": [102, 19, 61], "Asymmetric Relations in Longitudinal Social Networks": [264, 65, 42], "A generic model for the integration of interactive visualization and statistical computing using R": [199, 14, 53], "Efficient Local Statistical Analysis via Integral Histograms with Discrete Wavelet Transform": [122, 70, 62], "Colon Flattening Using Heat Diffusion Riemannian Metric": [181, 66, 76], "Quasi Interpolation With Voronoi Splines": [139, 60, 19], "Automatic Detection and Visualization of Qualitative Hemodynamic Characteristics in Cerebral Aneurysms": [225, 1, 80], "Visualization of Parameter Space for Image Analysis": [196, 76, 62], "Tuner: Principled Parameter finding for Image Segmentation Algorithms Using Visual Response Surface Exploration": [188, 90, 29], "Visual Analytics for Model Selection in Time Series Analysis": [275, 95, 73], "Common Angle Plots as Perception-True Visualizations of Categorical Associations": [186, 55, 51], "Enterprise Data Analysis and Visualization: An Interview Study": [214, 4, 45], "Vortex Visualization in Ultra Low Reynolds Number Insect Flight": [101, 47, 22], "Design Considerations for Optimizing Storyline Visualizations": [283, 81, 11], "Extinction-Based Shading and Illumination in GPU Volume Ray-Casting": [253, 52, 17], "Towards Robust Topology of Sparsely Sampled Data": [271, 31, 11], "Visual Analysis of Higher-Order Conjunctive Relationships in Multidimensional Data Using a Hypergraph Query System": [224, 58, 20], "Arc Length-Based Aspect Ratio Selection": [115, 85, 42], "RankExplorer: Visualization of Ranking Changes in Large Time Series Data": [254, 25, 75], "A correlative analysis process in a visual analytics environment": [144, 10, 2], "Supporting the Visual Analysis of Dynamic Networks by Clustering associated Temporal Attributes": [220, 21, 0], "About the Influence of Illumination Models on Image Comprehension in Direct Volume Rendering": [265, 49, 2], "Interactive Volume Visualization of General Polyhedral Grids": [193, 19, 55], "LineUp: Visual Analysis of Multi-Attribute Rankings": [168, 48, 56], "Historygrams: Enabling Interactive Global Illumination in Direct Volume Rendering using Photon Mapping": [299, 31, 56], "AlVis: Situation awareness in the surveillance of road tunnels": [268, 22, 23], "Visual Data Analysis as an Integral Part of Environmental Management": [104, 48, 46], "Fast Blending Scheme for Molecular Surface Representation": [252, 54, 0], "Human-Centered Approaches in Geovisualization Design: Investigating Multiple Methods Through a Long-Term Case Study": [262, 83, 78], "Context Preserving Maps of Tubular Structures": [285, 50, 32], "Whisper: Tracing the Spatiotemporal Process of Information Diffusion in Real Time": [180, 81, 33], "Fuzzy Volume Rendering": [119, 46, 72], "Sketching Uncertainty into Simulations": [179, 84, 46], "Watch this: A taxonomy for dynamic data visualization": [203, 69, 3], "Space Transformation for Understanding Group Movement": [161, 18, 33], "Visualizing Network Traffic to Understand the Performance of Massively Parallel Simulations": [249, 3, 12], "Ambient Volume Scattering": [286, 13, 69], "A Systematic Review on the Practice of Evaluating Visualization": [159, 78, 35], "Quality Metrics in High-Dimensional Data Visualization: An Overview and Systematization": [108, 5, 35], "Supporting Awareness through Collaborative Brushing and Linking of Tabular Data": [300, 51, 33], "LensingWikipedia: Parsing text for the interactive visualization of human history": [102, 57, 20], "Synthetic Generation of High-Dimensional Datasets": [173, 65, 29], "Volume Analysis Using Multimodal Surface Similarity": [256, 71, 66], "Space-Time Visual Analytics of Eye-Tracking Data for Dynamic Stimuli": [205, 32, 59], "Visual pattern discovery using random projections": [227, 91, 76], "Intelligent Graph Layout Using Many Users' Input": [236, 82, 36], "A case study: Tracking and visualizing the evolution of dark matter halos and groups of satellite halos in cosmology simulations": [103, 48, 0], "Selecting the Aspect Ratio of a Scatter Plot Based on Its Delaunay Triangulation": [105, 79, 79], "Spatial Text Visualization Using Automatic Typographic Maps": [173, 45, 23], "The Impact of Physical Navigation on Spatial Organization for Sensemaking": [284, 8, 58], "Augmenting visual representation of affectively charged information using sound graphs": [131, 65, 41], "Parallel Edge Splatting for Scalable Dynamic Graph Visualization": [185, 41, 40], "Facilitating Discourse Analysis with Interactive Visualization": [183, 54, 49], "Projection-Based Metal-Artifact Reduction for Industrial 3D X-ray Computed Tomography": [296, 34, 17], "Graphical Tests for Power Comparison of Competing Designs": [206, 17, 4], "Visualization Rhetoric: Framing Effects in Narrative Visualization": [252, 75, 32], "Visualizing Flow of Uncertainty through Analytical Processes": [225, 1, 30], "Flow Radar Glyphs&amp;#8212;Static Visualization of Unsteady Flow with Uncertainty": [242, 88, 58], "Compressed Adjacency Matrices: Untangling Gene Regulatory Networks": [288, 62, 57], "Visualization of Electrostatic Dipoles in Molecular Dynamics of Metal Oxides": [138, 0, 25], "Assessing the Effect of Visualizations on Bayesian Reasoning through Crowdsourcing": [171, 62, 55], "Understanding Interfirm Relationships in Business Ecosystems with Interactive Visualization": [201, 90, 78], "StoryFlow: Tracking the Evolution of Stories": [246, 62, 28], "Interactive Volume Exploration of Petascale Microscopy Data Streams Using a Visualization-Driven Virtual Memory Approach": [268, 19, 34], "Load-Balanced Parallel Streamline Generation on Large Scale Vector fields": [133, 21, 70], "Straightening Tubular Flow for Side-by-Side Visualization": [202, 53, 80], "GPU-based Real-Time Approximation of the Ablation Zone for Radiofrequency Ablation": [142, 58, 56], "Dis-function: Learning distance functions interactively": [169, 3, 66], "An Efficient Direct Volume Rendering Approach for Dichromats": [129, 86, 70], "A Perceptual-Statistics Shading Model": [208, 29, 38], "Different Strokes for Different Folks: Visual Presentation Design between Disciplines": [266, 15, 35], "Perception of Average Value in Multiclass Scatterplots": [148, 15, 27], "TransGraph: Hierarchical Exploration of Transition Relationships in Time-Varying Volumetric Data": [139, 27, 78], "Interactive Exploration of Implicit and Explicit Relations in Faceted Datasets": [147, 59, 58], "HierarchicalTopics: Visually Exploring Large Text Collections Using Topic Hierarchies": [150, 27, 52], "A Design Space of Visualization Tasks": [213, 24, 66], "An adaptive parameter space-filling algorithm for highly interactive cluster exploration": [211, 25, 48], "BirdVis: Visualizing and Understanding Bird Populations": [291, 66, 26], "Interactive Virtual Probing of 4D MRI Blood-Flow": [186, 94, 57], "Multi-Touch Table System for Medical Visualization: Application to Orthopedic Surgery Planning": [251, 63, 62], "Sketchy Rendering for Information Visualization": [264, 86, 32], "Voronoi-Based Extraction and Visualization of Molecular Paths": [288, 81, 63], "Creative User-Centered Visualization Design for Energy Analysts and Modelers": [138, 75, 56], "Visualization of Temporal Similarity in field Data": [182, 51, 30], "PivotPaths: Strolling through Faceted Information Spaces": [109, 79, 39], "Optimizing an SPT-tree for visual analytics": [189, 5, 18], "Augmented Topological Descriptors of Pore Networks for Material Science": [161, 75, 28], "Visual cluster exploration of web clickstream data": [295, 73, 51], "A Study on Dual-Scale Data Charts": [209, 84, 19], "Artificial Defocus for Displaying Markers in Microscopy Z-Stacks": [203, 25, 13], "The User Puzzle---Explaining the Interaction with Visual Analytics Systems": [126, 73, 52], "Visual Traffic Jam Analysis Based on Trajectory Data": [135, 32, 58], "A Visual Analysis Concept for the Validation of Geoscientific Simulation Models": [256, 93, 71], "Semi-Automatic Vortex Extraction in 4D PC-MRI Cardiac Blood Flow Data using Line Predicates": [253, 99, 18], "Adaptive Extraction and Quantification of Geophysical Vortices": [108, 21, 67], "What Makes a Visualization Memorable?": [192, 65, 19], "Adaptive Privacy-Preserving Visualization Using Parallel Coordinates": [249, 50, 44], "Crepuscular Rays for Tumor Accessibility Planning": [273, 82, 80], "Visual Steering and Verification of Mass Spectrometry Data Factorization in Air Quality Research": [127, 84, 75], "Visual Analysis of Topic Competition on Social Media": [210, 37, 79], "Detecting Symmetry in Scalar fields Using Augmented Extremum Graphs": [199, 1, 19], "Visualising variations in household energy consumption": [235, 48, 29], "Surface-Based Structure Analysis and Visualization for Multifield Time-Varying Datasets": [238, 51, 23], "Visualization of Shape Motions in Shape Space": [288, 21, 66], "Visualization of AMR Data With Multi-Level Dual-Mesh Interpolation": [114, 97, 57], "Subspace search and visualization to make sense of alternative clusterings in high-dimensional data": [280, 74, 0], "Multivariate Data Analysis Using Persistence-Based filtering and Topological Signatures": [107, 12, 7], "SoccerStories: A Kick-off for Visual Soccer Analysis": [219, 59, 64], "Coupled Ensemble Flow Line Advection and Analysis": [169, 76, 18], "D&#x0B3; Data-Driven Documents": [161, 63, 17], "Does an Eye Tracker Tell the Truth about Visualizations?: findings while Investigating Visualizations for Decision Making": [123, 63, 64], "Beyond Mouse and Keyboard: Expanding Design Considerations for Information Visualization Interactions": [291, 87, 67], "Entourage: Visualizing Relationships between Biological Pathways using Contextual Subsets": [231, 60, 8], "Evaluation of Trend Localization with Multi-Variate Visualizations": [244, 38, 16], "Cumulative Heat Diffusion Using Volume Gradient Operator for Volume Analysis": [236, 27, 42], "A Partition-Based Framework for Building and Validating Regression Models": [131, 7, 13], "Organizing Search Results with a Reference Map": [218, 73, 71], "Using Concrete Scales: A Practical Framework for Effective Visual Depiction of Complex Measures": [138, 22, 27], "Visualization of Astronomical Nebulae via Distributed Multi-GPU Compressed Sensing Tomography": [249, 82, 62], "The Deshredder: A visual analytic approach to reconstructing shredded documents": [292, 87, 79], "Visualizing flows of images in social media": [238, 61, 71], "Visualizing Nuclear Scission through a Multifield Extension of Topological Analysis": [281, 60, 12], "Visualization of Flow Behavior in Earth Mantle Convection": [171, 99, 5], "Characterizing and Visualizing Predictive Uncertainty in Numerical Ensembles Through Bayesian Model Averaging": [160, 5, 71], "A Model for Structure-Based Comparison of Many Categories in Small-Multiple Displays": [114, 44, 58], "Using Interactive Visual Reasoning to Support Sense-Making: Implications for Design": [299, 81, 11], "Scatter/Gather Clustering: Flexibly Incorporating User Feedback to Steer Clustering Results": [151, 55, 23], "Smart super views---A knowledge-assisted interface for medical visualization": [233, 97, 80], "Structure-Aware Lighting Design for Volume Visualization": [102, 11, 48], "Priming Locus of Control to affect performance": [300, 40, 19], "Visualizing Fuzzy Overlapping Communities in Networks": [188, 84, 63], "Orthographic Star Coordinates": [118, 49, 43], "Evaluation of Static and Dynamic Visualization Training Approaches for Users with Different Spatial Abilities": [218, 84, 31], "Infographics at the Congressional Budget Office": [133, 7, 71], "An Information-Aware Framework for Exploring Multivariate Data Sets": [119, 83, 72], "Acuity-Driven Gigapixel Visualization": [126, 13, 61], "Visual analytics for the big data era---A comparative review of state-of-the-art commercial systems": [247, 75, 67], "Using translational science in visual analytics": [154, 63, 64], "Automatic Tuning of Spatially Varying Transfer Functions for Blood Vessel Visualization": [111, 65, 33], "UTOPIAN: User-Driven Topic Modeling Based on Interactive Nonnegative Matrix Factorization": [120, 30, 40], "Automatic Layout of Structured Hierarchical Reports": [135, 23, 16], "Visualization of Morse Connection Graphs for Topologically Rich 2D Vector fields": [238, 37, 31], "Interactive Multiscale Tensor Reconstruction for Multiresolution Volume Visualization": [104, 23, 55], "Exploratory Analysis of Time-Series with ChronoLenses": [102, 36, 18], "TimeBench: A Data Model and Software Library for Visual Analytics of Time-Oriented Data": [157, 10, 73], "Visual Analytics Methodology for Eye Movement Studies": [134, 3, 39], "MObjects--A Novel Method for the Visualization and Interactive Exploration of Defects in Industrial XCT Data": [284, 44, 49], "Feature-Based Statistical Analysis of Combustion Simulation Data": [234, 13, 25], "Asymmetric Tensor field Visualization for Surfaces": [131, 19, 51], "An Extensible Framework for Provenance in Human Terrain Visual Analytics": [253, 0, 39], "Automatic Transfer Functions Based on Informational Divergence": [240, 66, 46], "SketchStory: Telling More Engaging Stories with Data through Freeform Sketching": [129, 79, 74], "LeadLine: Interactive visual analysis of text data through event identification and exploration": [295, 32, 60], "KnotPad: Visualizing and Exploring Knot Theory with Fluid Reidemeister Moves": [151, 1, 31], "Visualizing Student Histories Using Clustering and Composition": [123, 42, 61], "ElVis: A System for the Accurate and Interactive Visualization of High-Order finite Element Solutions": [286, 78, 59], "iView: A Feature Clustering Framework for Suggesting Informative Views in Volume Visualization": [258, 15, 7], "GPU-Based Interactive Cut-Surface Extraction From High-Order finite Element fields": [281, 23, 74], "Stereoscopic Highlighting: 2D Graph Visualization on Stereo Displays": [274, 41, 54], "SnapShot: Visualization to Propel Ice Hockey Analytics": [101, 6, 68], "An Adaptive Prediction-Based Approach to Lossless Compression of Floating-Point Volume Data": [184, 86, 41], "A Lightweight Tangible 3D Interface for Interactive Visualization of Thin fiber Structures": [279, 51, 59], "A Multi-Level Typology of Abstract Visualization Tasks": [165, 18, 33], "Variant View: Visualizing Sequence Variants in their Gene Context": [178, 6, 35], "Hybrid-Image Visualization for Large Viewing Environments": [290, 47, 80], "Design by Dragging: An Interface for Creative Forward and Inverse Design with Simulation Ensembles": [225, 66, 74], "VAICo: Visual Analysis for Image Comparison": [243, 89, 79], "Representative Factor Generation for the Interactive Visual Analysis of High-Dimensional Data": [263, 80, 46], "Information retrieval failure analysis: Visual analytics as a support for interactive &#x201C;what-if&#x201D; investigation": [221, 9, 56], "Effects of Stereo and Screen Size on the Legibility of Three-Dimensional Streamtube Visualization": [284, 63, 53], "Area-Preservation Mapping using Optimal Mass Transport": [219, 36, 76], "Visual Thinking In Action: Visualizations As Used On Whiteboards": [196, 8, 21], "Evaluation of Multivariate Visualization on a Multivariate Task": [181, 81, 66], "Visual Sedimentation": [131, 54, 51], "An Empirical Study on Using Visual Embellishments in Visualization": [159, 88, 64], "An Affordance-Based Framework for Human Computation and Human-Computer Collaboration": [256, 82, 54], "TreeNetViz: Revealing Patterns of Networks over Tree Structures": [288, 81, 14], "WYSIWYP: What You See Is What You Pick": [150, 34, 47], "An Empirical Model of Slope Ratio Comparisons": [232, 90, 74], "On the Interpolation of Data with Normally Distributed Uncertainty for Visualization": [209, 22, 77], "Vis4Heritage: Visual Analytics Approach on Grotto Wall Painting Degradations": [133, 91, 36], "Adaptive Refinement of the Flow Map Using Sparse Samples": [209, 57, 62], "Decision Exploration Lab: A Visual Analytics Solution for Decision Management": [271, 78, 49], "Exploring cyber physical data streams using Radial Pixel Visualizations": [236, 85, 76], "ManyVis: Multiple Applications in an Integrated Visualization Environment": [270, 4, 44], "Exploring the impact of emotion on visual judgement": [251, 24, 73], "Inter-active learning of ad-hoc classifiers for video visual analytics": [149, 32, 2], "Context-Preserving Visual Links": [159, 42, 45], "iLAMP: Exploring high-dimensional spacing through backward multidimensional projection": [204, 84, 46], "How Capacity Limits of Attention Influence Information Visualization Effectiveness": [159, 94, 9], "A visual analytics approach to understanding cycling behaviour": [119, 84, 23], "A Scale Space Based Persistence Measure for Critical Points in 2D Scalar fields": [145, 50, 40], "WYSIWYG (What You See is What You Get) Volume Visualization": [147, 28, 28], "A Novel Approach to Visualizing Dark Matter Simulations": [244, 32, 73], "SeiVis: An Interactive Visual Subsurface Modeling Application": [209, 27, 31], "Dimension Projection Matrix/Tree: Interactive Subspace Visual Exploration and Analysis of High Dimensional Data": [284, 68, 64], "Adaptive Composite Map Projections": [159, 94, 65], "Evaluation of Fast-Forward Video Visualization": [238, 93, 70], "Generalized Topological Simplification of Scalar fields on Surfaces": [228, 16, 48], "A Multi-Criteria Approach to Camera Motion Design for Volume Data Animation": [236, 27, 50], "Vessel Visualization using Curved Surface Reformation": [164, 17, 6], "Examining the Use of a Visual Analytics System for Sensemaking Tasks: Case Studies with Domain Experts": [259, 10, 16], "Evaluation of filesystem Provenance Visualization Tools": [281, 14, 32], "Time-oriented visualization and anticipation": [211, 21, 68], "Open-Box Spectral Clustering: Applications to Medical Image Analysis": [231, 60, 64], "FoamVis: Visualization of 2D Foam Simulation Data": [223, 36, 11], "Comparing Clusterings Using Bertin's Idea": [235, 59, 28], "Skeleton-Based Edge Bundling for Graph Visualization": [190, 25, 72], "MotionExplorer: Exploratory Search in Human Motion Capture Data Based on Hierarchical Aggregation": [279, 60, 57], "Product Plots": [233, 69, 53], "Matrix-based visual correlation analysis on large timeseries data": [192, 72, 48], "Interaction Support for Visual Comparison Inspired by Natural Behavior": [236, 45, 43], "An Interaction Model for Visualizations Beyond The Desktop": [287, 60, 6], "Information Visualization and Proxemics: Design Opportunities and Empirical findings": [252, 46, 21], "An Exploration Framework to Identify and Track Movement of Cloud Systems": [266, 42, 68]}