{"children": [{"name": "T0", "children": [{"name": "data", "value": 27.0, "size": 2700.0}, {"name": "visualization", "value": 14.0, "size": 1400.0}, {"name": "visual", "value": 8.0, "size": 800.0}, {"name": "analysis", "value": 7.0, "size": 700.0}, {"name": "results", "value": 6.0, "size": 600.0}, {"name": "information", "value": 5.0, "size": 500.0}, {"name": "techniques", "value": 5.0, "size": 500.0}, {"name": "study", "value": 4.0, "size": 400.0}, {"name": "visualizations", "value": 4.0, "size": 400.0}, {"name": "paper", "value": 4.0, "size": 400.0}]}, {"name": "T1", "children": [{"name": "data", "value": 20.0, "size": 2000.0}, {"name": "visualization", "value": 15.0, "size": 1500.0}, {"name": "analysis", "value": 7.0, "size": 700.0}, {"name": "user", "value": 7.0, "size": 700.0}, {"name": "visual", "value": 7.0, "size": 700.0}, {"name": "present", "value": 5.0, "size": 500.0}, {"name": "approach", "value": 5.0, "size": 500.0}, {"name": "techniques", "value": 5.0, "size": 500.0}, {"name": "use", "value": 5.0, "size": 500.0}, {"name": "paper", "value": 5.0, "size": 500.0}]}, {"name": "T2", "children": [{"name": "data", "value": 18.0, "size": 1799.9999999999998}, {"name": "visualization", "value": 14.0, "size": 1400.0}, {"name": "visual", "value": 9.0, "size": 899.9999999999999}, {"name": "analysis", "value": 6.0, "size": 600.0}, {"name": "information", "value": 6.0, "size": 600.0}, {"name": "techniques", "value": 6.0, "size": 600.0}, {"name": "approach", "value": 6.0, "size": 600.0}, {"name": "design", "value": 5.0, "size": 500.0}, {"name": "present", "value": 5.0, "size": 500.0}, {"name": "interactive", "value": 5.0, "size": 500.0}]}, {"name": "T3", "children": [{"name": "data", "value": 18.0, "size": 1799.9999999999998}, {"name": "visualization", "value": 15.0, "size": 1500.0}, {"name": "visual", "value": 9.0, "size": 899.9999999999999}, {"name": "design", "value": 6.0, "size": 600.0}, {"name": "different", "value": 6.0, "size": 600.0}, {"name": "approach", "value": 6.0, "size": 600.0}, {"name": "analysis", "value": 5.0, "size": 500.0}, {"name": "paper", "value": 5.0, "size": 500.0}, {"name": "information", "value": 5.0, "size": 500.0}, {"name": "system", "value": 4.0, "size": 400.0}]}, {"name": "T4", "children": [{"name": "data", "value": 23.0, "size": 2300.0}, {"name": "visualization", "value": 16.0, "size": 1600.0}, {"name": "visual", "value": 8.0, "size": 800.0}, {"name": "analysis", "value": 7.0, "size": 700.0}, {"name": "approach", "value": 7.0, "size": 700.0}, {"name": "present", "value": 6.0, "size": 600.0}, {"name": "interactive", "value": 5.0, "size": 500.0}, {"name": "user", "value": 5.0, "size": 500.0}, {"name": "techniques", "value": 5.0, "size": 500.0}, {"name": "results", "value": 5.0, "size": 500.0}]}, {"name": "T5", "children": [{"name": "data", "value": 16.0, "size": 1600.0}, {"name": "visualization", "value": 11.0, "size": 1100.0}, {"name": "visual", "value": 10.0, "size": 1000.0}, {"name": "analysis", "value": 8.0, "size": 800.0}, {"name": "information", "value": 5.0, "size": 500.0}, {"name": "techniques", "value": 5.0, "size": 500.0}, {"name": "based", "value": 5.0, "size": 500.0}, {"name": "approach", "value": 5.0, "size": 500.0}, {"name": "user", "value": 5.0, "size": 500.0}, {"name": "use", "value": 5.0, "size": 500.0}]}, {"name": "T6", "children": [{"name": "data", "value": 21.0, "size": 2100.0}, {"name": "visualization", "value": 14.0, "size": 1400.0}, {"name": "visual", "value": 10.0, "size": 1000.0}, {"name": "analysis", "value": 9.0, "size": 899.9999999999999}, {"name": "approach", "value": 8.0, "size": 800.0}, {"name": "present", "value": 5.0, "size": 500.0}, {"name": "design", "value": 5.0, "size": 500.0}, {"name": "user", "value": 5.0, "size": 500.0}, {"name": "information", "value": 5.0, "size": 500.0}, {"name": "paper", "value": 4.0, "size": 400.0}]}, {"name": "T7", "children": [{"name": "data", "value": 17.0, "size": 1700.0000000000002}, {"name": "visualization", "value": 16.0, "size": 1600.0}, {"name": "visual", "value": 10.0, "size": 1000.0}, {"name": "approach", "value": 7.0, "size": 700.0}, {"name": "analysis", "value": 6.0, "size": 600.0}, {"name": "present", "value": 5.0, "size": 500.0}, {"name": "user", "value": 5.0, "size": 500.0}, {"name": "information", "value": 5.0, "size": 500.0}, {"name": "using", "value": 4.0, "size": 400.0}, {"name": "techniques", "value": 4.0, "size": 400.0}]}, {"name": "T8", "children": [{"name": "data", "value": 18.0, "size": 1799.9999999999998}, {"name": "visualization", "value": 12.0, "size": 1200.0}, {"name": "visual", "value": 9.0, "size": 899.9999999999999}, {"name": "approach", "value": 6.0, "size": 600.0}, {"name": "information", "value": 6.0, "size": 600.0}, {"name": "user", "value": 6.0, "size": 600.0}, {"name": "paper", "value": 6.0, "size": 600.0}, {"name": "design", "value": 5.0, "size": 500.0}, {"name": "analysis", "value": 5.0, "size": 500.0}, {"name": "present", "value": 5.0, "size": 500.0}]}, {"name": "T9", "children": [{"name": "data", "value": 15.0, "size": 1500.0}, {"name": "visualization", "value": 11.0, "size": 1100.0}, {"name": "visual", "value": 8.0, "size": 800.0}, {"name": "analysis", "value": 7.0, "size": 700.0}, {"name": "user", "value": 6.0, "size": 600.0}, {"name": "approach", "value": 6.0, "size": 600.0}, {"name": "present", "value": 6.0, "size": 600.0}, {"name": "results", "value": 5.0, "size": 500.0}, {"name": "paper", "value": 5.0, "size": 500.0}, {"name": "time", "value": 5.0, "size": 500.0}]}, {"name": "T10", "children": [{"name": "visualization", "value": 16.0, "size": 1600.0}, {"name": "data", "value": 13.0, "size": 1300.0}, {"name": "visual", "value": 11.0, "size": 1100.0}, {"name": "analysis", "value": 7.0, "size": 700.0}, {"name": "techniques", "value": 6.0, "size": 600.0}, {"name": "approach", "value": 6.0, "size": 600.0}, {"name": "design", "value": 6.0, "size": 600.0}, {"name": "user", "value": 5.0, "size": 500.0}, {"name": "time", "value": 5.0, "size": 500.0}, {"name": "results", "value": 5.0, "size": 500.0}]}, {"name": "T11", "children": [{"name": "data", "value": 18.0, "size": 1799.9999999999998}, {"name": "visualization", "value": 13.0, "size": 1300.0}, {"name": "visual", "value": 8.0, "size": 800.0}, {"name": "analysis", "value": 7.0, "size": 700.0}, {"name": "approach", "value": 6.0, "size": 600.0}, {"name": "techniques", "value": 6.0, "size": 600.0}, {"name": "present", "value": 5.0, "size": 500.0}, {"name": "results", "value": 5.0, "size": 500.0}, {"name": "paper", "value": 5.0, "size": 500.0}, {"name": "system", "value": 5.0, "size": 500.0}]}, {"name": "T12", "children": [{"name": "data", "value": 20.0, "size": 2000.0}, {"name": "visualization", "value": 15.0, "size": 1500.0}, {"name": "visual", "value": 9.0, "size": 899.9999999999999}, {"name": "analysis", "value": 7.0, "size": 700.0}, {"name": "approach", "value": 6.0, "size": 600.0}, {"name": "design", "value": 5.0, "size": 500.0}, {"name": "information", "value": 5.0, "size": 500.0}, {"name": "user", "value": 5.0, "size": 500.0}, {"name": "time", "value": 5.0, "size": 500.0}, {"name": "techniques", "value": 5.0, "size": 500.0}]}, {"name": "T13", "children": [{"name": "data", "value": 24.0, "size": 2400.0}, {"name": "visualization", "value": 13.0, "size": 1300.0}, {"name": "visual", "value": 10.0, "size": 1000.0}, {"name": "approach", "value": 8.0, "size": 800.0}, {"name": "analysis", "value": 6.0, "size": 600.0}, {"name": "results", "value": 5.0, "size": 500.0}, {"name": "design", "value": 5.0, "size": 500.0}, {"name": "time", "value": 5.0, "size": 500.0}, {"name": "using", "value": 5.0, "size": 500.0}, {"name": "paper", "value": 5.0, "size": 500.0}]}, {"name": "T14", "children": [{"name": "data", "value": 18.0, "size": 1799.9999999999998}, {"name": "visualization", "value": 13.0, "size": 1300.0}, {"name": "visual", "value": 9.0, "size": 899.9999999999999}, {"name": "analysis", "value": 7.0, "size": 700.0}, {"name": "approach", "value": 7.0, "size": 700.0}, {"name": "present", "value": 5.0, "size": 500.0}, {"name": "user", "value": 5.0, "size": 500.0}, {"name": "techniques", "value": 5.0, "size": 500.0}, {"name": "interactive", "value": 5.0, "size": 500.0}, {"name": "different", "value": 4.0, "size": 400.0}]}, {"name": "T15", "children": [{"name": "data", "value": 19.0, "size": 1900.0}, {"name": "visualization", "value": 12.0, "size": 1200.0}, {"name": "visual", "value": 9.0, "size": 899.9999999999999}, {"name": "paper", "value": 6.0, "size": 600.0}, {"name": "design", "value": 6.0, "size": 600.0}, {"name": "information", "value": 5.0, "size": 500.0}, {"name": "results", "value": 5.0, "size": 500.0}, {"name": "analysis", "value": 5.0, "size": 500.0}, {"name": "approach", "value": 5.0, "size": 500.0}, {"name": "user", "value": 5.0, "size": 500.0}]}, {"name": "T16", "children": [{"name": "data", "value": 22.0, "size": 2200.0}, {"name": "visualization", "value": 13.0, "size": 1300.0}, {"name": "visual", "value": 9.0, "size": 899.9999999999999}, {"name": "analysis", "value": 8.0, "size": 800.0}, {"name": "present", "value": 5.0, "size": 500.0}, {"name": "system", "value": 5.0, "size": 500.0}, {"name": "user", "value": 5.0, "size": 500.0}, {"name": "paper", "value": 5.0, "size": 500.0}, {"name": "based", "value": 5.0, "size": 500.0}, {"name": "techniques", "value": 4.0, "size": 400.0}]}, {"name": "T17", "children": [{"name": "data", "value": 23.0, "size": 2300.0}, {"name": "visualization", "value": 11.0, "size": 1100.0}, {"name": "visual", "value": 10.0, "size": 1000.0}, {"name": "analysis", "value": 7.0, "size": 700.0}, {"name": "information", "value": 6.0, "size": 600.0}, {"name": "techniques", "value": 5.0, "size": 500.0}, {"name": "different", "value": 5.0, "size": 500.0}, {"name": "approach", "value": 5.0, "size": 500.0}, {"name": "based", "value": 5.0, "size": 500.0}, {"name": "present", "value": 4.0, "size": 400.0}]}, {"name": "T18", "children": [{"name": "data", "value": 20.0, "size": 2000.0}, {"name": "visualization", "value": 12.0, "size": 1200.0}, {"name": "visual", "value": 9.0, "size": 899.9999999999999}, {"name": "analysis", "value": 7.0, "size": 700.0}, {"name": "approach", "value": 6.0, "size": 600.0}, {"name": "present", "value": 5.0, "size": 500.0}, {"name": "techniques", "value": 5.0, "size": 500.0}, {"name": "user", "value": 5.0, "size": 500.0}, {"name": "paper", "value": 5.0, "size": 500.0}, {"name": "users", "value": 4.0, "size": 400.0}]}, {"name": "T19", "children": [{"name": "data", "value": 18.0, "size": 1799.9999999999998}, {"name": "visualization", "value": 14.0, "size": 1400.0}, {"name": "visual", "value": 11.0, "size": 1100.0}, {"name": "analysis", "value": 8.0, "size": 800.0}, {"name": "approach", "value": 6.0, "size": 600.0}, {"name": "techniques", "value": 5.0, "size": 500.0}, {"name": "study", "value": 5.0, "size": 500.0}, {"name": "design", "value": 5.0, "size": 500.0}, {"name": "information", "value": 5.0, "size": 500.0}, {"name": "based", "value": 5.0, "size": 500.0}]}], "name": "Topics"}